0,1,2,3,4,5,6,7,8,9,10,11,12,13,14,15,16,17,18,19,20,21,22,23,24,25,26,27,28,29,30,31,32,33,34,35,36,37,38,39,40,41,42,43,44,45,46,47,48,49,50,51,52,53,54,55,56,57,58,59,60,61,62,63,64,65,66,67,68,69,70,71,72,73,74,75,76,77,78,79,80,81,82,83,84,85,86,87,88,89,90,91,92,93,94,95,96,97,98,99,100,101,102
348.79977,349.33102,349.54977,348.65134,347.08102,345.53415,343.9482,342.5654,342.0654,341.77634,340.9404,339.7529,338.5732,337.15134,335.5576,334.0029,332.41696,330.6904,328.72946,326.58102,324.3857,322.26852,320.14352,318.0107,315.89352,313.61227,311.41696,309.9404,309.1826,308.77634,307.9404,305.95602,303.5107,301.6904,300.04196,298.45602,296.66696,294.58884,292.29196,289.85446,287.1982,284.5576,281.90915,279.5029,277.51852,275.72165,274.45602,273.2451,272.3154,271.29977,270.2529,269.22165,268.42477,267.83102,267.46384,266.92477,266.66696,267.09665,268.39352,270.15915,272.73727,275.59665,276.9951,275.40915,274.6982,275.22946,275.59665,275.58884,276.33884,278.4482,281.58102,284.6826,286.86227,287.83884,288.1826,288.40134,287.54196,286.4404,285.86227,286.29977,286.77634,287.15134,287.6904,288.76852,290.01852,290.83884,290.73727,290.28415,289.5107,288.35446,287.90134,287.5654,286.95602,285.42477,284.0029,283.53415,283.03415,282.22165,281.29196,280.60446,280.29196,279.8857,279.36227
346.4404,346.3779,346.5654,346.47165,345.70602,344.27634,342.1982,340.34665,339.09665,338.40915,338.42477,338.02634,337.5576,336.83884,335.58884,334.09665,332.33884,330.3701,328.34665,326.36227,324.33884,322.22165,319.8857,317.2529,314.5107,311.7451,309.77634,308.72165,308.20602,307.1357,305.22165,303.7529,302.2529,300.86227,299.3701,297.36227,294.95602,292.72165,290.59665,288.1201,285.22946,282.59665,280.4326,278.7451,277.48727,276.2607,275.08102,274.2607,273.4951,272.79196,271.90134,271.08884,270.36227,269.79196,269.40915,269.0029,269.0107,269.6826,271.15915,273.21384,275.58884,277.84665,279.65134,279.76852,278.61227,278.64352,279.3154,280.4326,281.08102,281.8857,283.8857,286.3232,288.0576,288.33102,287.8076,287.54196,287.65134,287.79196,287.83884,288.3154,288.78415,289.0576,289.46384,290.2451,291.40915,291.8701,291.84665,291.1279,289.77634,288.61227,287.79196,286.96384,286.1279,285.04196,283.98727,282.83102,281.2607,279.5732,278.1982,277.23727,276.48727,276.1357,275.90134
343.10446,343.72946,344.0029,343.79977,343.1201,342.01852,340.5654,339.02634,337.58102,336.15134,335.33102,336.23727,337.6982,336.6904,334.7529,332.65915,330.59665,328.6357,326.76852,324.89352,322.9326,320.6201,317.3857,313.9404,310.97946,309.01852,307.7451,306.16696,304.9404,304.0732,303.29977,302.41696,301.11227,299.27634,297.3154,295.17477,293.0107,290.70602,288.58102,286.54196,284.40134,282.23727,280.6279,279.47165,278.40915,277.11227,275.97946,275.29977,274.91696,274.34665,273.53415,272.76852,272.26852,271.90915,271.60446,271.4482,271.54977,272.02634,273.52634,275.85446,277.92477,280.0654,281.54977,281.90134,281.21384,280.5576,280.6201,281.17477,282.47165,283.7607,285.14352,286.90134,288.40915,288.3857,287.59665,287.3232,287.86227,288.92477,289.78415,290.29196,290.58102,290.96384,291.36227,291.91696,292.52634,292.47165,292.46384,292.35446,291.90915,291.29196,290.33884,289.02634,287.4951,285.95602,284.39352,282.40915,280.0732,277.96384,276.1357,274.4326,273.52634,273.39352,273.47946
339.3701,339.52634,339.9482,340.1982,340.01852,339.66696,338.51852,337.23727,335.79977,334.14352,332.3076,332.6904,335.28415,334.54196,332.46384,330.01852,327.53415,325.47165,323.08102,319.1201,314.86227,311.70602,308.5732,305.47165,303.0732,301.58102,301.33884,302.15915,302.23727,302.1904,301.58884,300.1826,298.40134,296.4404,294.45602,292.67477,290.65915,288.52634,287.03415,285.60446,284.0654,282.3857,280.98727,280.15915,279.20602,278.0029,277.08102,276.5732,276.40915,276.17477,275.2451,274.3779,273.96384,273.78415,273.6982,273.73727,274.11227,274.86227,276.5107,278.45602,280.1357,281.8076,283.21384,283.73727,283.45602,282.7607,282.09665,282.01852,282.6279,283.9482,285.2529,286.3076,287.95602,288.79977,288.3232,288.5107,289.40915,290.45602,291.08884,291.3076,291.54196,291.85446,292.3076,293.0732,293.7451,294.46384,294.6826,294.6201,294.1982,293.3779,292.27634,290.8076,288.91696,286.84665,284.66696,282.2451,279.53415,276.90134,274.52634,273.3701,272.9326,272.86227,272.71384
338.70602,337.8154,337.15134,336.5732,336.2451,335.83884,335.2451,334.54977,333.27634,332.0107,331.59665,331.0576,330.33102,329.01852,326.61227,324.34665,321.9951,319.15134,315.6982,312.3232,309.34665,306.3154,303.23727,300.72165,298.90134,297.47165,296.34665,295.5732,296.1279,297.65915,297.58102,296.58102,295.23727,293.8076,292.4326,290.9951,289.22165,287.52634,286.29977,285.15915,283.91696,282.70602,281.83102,281.0732,280.17477,279.22946,278.53415,278.15915,278.15915,277.96384,277.1279,276.2451,275.6982,275.4326,275.34665,275.5107,276.34665,277.77634,279.5107,281.1201,282.4482,283.58102,284.5107,285.09665,285.14352,284.33884,283.35446,282.9482,283.03415,283.47946,284.54196,285.42477,286.23727,287.02634,288.3154,289.8857,290.89352,291.3154,291.3232,291.0107,291.3857,292.35446,293.65915,294.9326,295.8154,296.29977,296.6201,296.41696,296.0576,295.2529,294.1201,292.59665,290.5029,288.0576,285.48727,282.73727,279.8857,277.2607,275.22946,273.7607,272.61227,272.29977,271.40915
339.08102,337.22165,335.8857,334.8701,334.0654,333.42477,332.8779,332.29977,331.65134,330.7451,329.48727,327.8076,325.6826,323.3232,321.36227,319.45602,317.26852,314.5732,311.6826,308.5732,305.26852,302.33102,299.76852,297.40134,295.3154,293.54196,292.1982,291.1357,290.8857,292.40915,293.1904,293.01852,292.3857,291.60446,290.73727,289.65915,288.40134,287.1826,286.22946,285.3076,284.35446,283.5732,282.97946,282.16696,281.3857,280.65915,280.1826,280.0107,279.97165,279.78415,279.3232,278.73727,278.3857,278.1982,277.9404,278.08884,278.9951,280.4482,282.02634,283.54196,284.7607,285.72946,286.47165,286.65915,286.54977,285.91696,284.70602,283.8701,283.60446,283.45602,283.5576,284.2607,284.71384,285.1279,286.1357,287.90134,290.04977,291.17477,290.70602,291.2529,292.29196,293.3779,294.5732,295.83884,296.8701,297.45602,297.83884,298.04196,297.58102,296.76852,295.6279,293.86227,291.70602,289.40134,286.97946,284.29196,280.95602,277.65134,274.97165,273.47165,272.4326,271.96384,271.65134
340.7607,338.04977,335.9404,334.4482,333.3232,332.39352,331.45602,330.46384,329.40915,327.97946,326.22165,324.2451,322.10446,319.98727,317.97946,315.95602,313.6279,311.33884,308.5732,305.1279,301.6904,298.51852,295.7607,293.42477,291.72165,290.41696,289.39352,288.61227,288.34665,289.41696,290.45602,290.45602,290.0107,289.35446,288.8076,288.26852,287.64352,287.0654,286.5107,285.8701,285.2451,284.65915,283.98727,283.17477,282.52634,282.04977,281.7451,281.48727,281.33884,281.1982,280.9951,280.8076,280.54977,280.3701,280.3154,280.5029,281.26852,282.41696,283.7529,285.3076,286.6826,287.6982,288.4404,288.36227,287.91696,287.2451,286.34665,285.36227,284.71384,284.29977,283.9951,284.04196,284.28415,285.03415,286.21384,287.0732,287.54977,287.45602,288.1904,289.6826,291.28415,292.8154,294.1982,295.67477,297.0029,297.79977,298.1904,298.09665,297.59665,296.72165,295.40915,293.70602,291.47946,288.91696,286.3076,283.4326,280.4482,277.8779,275.8154,274.4482,273.35446,272.65134,271.95602
342.72946,339.35446,336.4482,334.27634,332.6201,331.33884,329.9404,328.29196,326.5107,324.6279,322.61227,320.47165,318.29196,316.14352,314.0732,312.15134,310.21384,307.6357,304.4404,301.3232,298.34665,295.60446,293.15915,291.23727,290.0029,289.1826,288.4482,287.72946,287.41696,288.1982,289.5732,289.4404,289.0732,288.3857,287.79977,287.5107,287.28415,287.11227,286.9404,286.59665,286.10446,285.59665,284.8154,284.16696,283.72165,283.4404,283.04196,282.64352,282.3857,282.1826,281.96384,281.83884,281.47946,281.26852,281.41696,281.85446,282.79977,283.97165,285.20602,286.72165,288.16696,289.15915,289.86227,289.7607,289.08884,288.3154,287.52634,286.97946,286.1201,285.52634,285.15134,284.97165,285.26852,285.77634,286.52634,287.33884,287.6826,287.58102,287.3701,287.70602,288.7607,290.42477,292.10446,293.85446,295.1357,295.95602,296.40915,296.2607,295.6279,294.6357,293.3076,291.78415,290.21384,288.58102,286.5732,284.28415,281.78415,279.3779,277.26852,275.47165,274.10446,272.97165,271.9326
342.22946,338.9404,335.8857,333.21384,330.8779,328.9404,327.0107,324.8076,322.4951,320.1826,317.97946,316.0576,314.3857,312.86227,311.3701,309.6201,307.16696,304.1201,301.2607,298.6357,296.04196,293.60446,291.65134,290.04977,289.04977,288.61227,288.17477,287.6826,287.5576,288.72165,289.6826,289.61227,289.1826,288.5029,287.97165,287.6357,287.48727,287.6279,287.6357,287.40915,286.98727,286.47165,285.8076,285.28415,285.0029,284.67477,284.1357,283.6201,283.22946,282.9404,282.79977,282.58102,282.3076,282.1982,282.42477,282.97165,284.14352,285.5654,286.8857,288.0654,289.11227,289.9404,290.47165,290.4482,289.8701,289.29196,288.66696,288.04977,287.59665,287.03415,286.60446,286.6982,287.16696,287.54196,287.8154,288.0576,288.6982,289.21384,289.26852,289.26852,289.4326,289.8857,290.91696,292.8701,294.21384,295.23727,295.85446,295.7451,294.8701,293.7607,292.72165,291.76852,290.8857,289.71384,288.15134,286.2529,283.92477,281.3701,278.72165,276.3076,274.47946,273.21384,272.14352
340.5732,337.7529,335.04977,332.41696,329.90134,327.51852,325.20602,322.83102,320.3154,317.8701,315.70602,313.90134,312.54977,311.3076,309.65915,307.36227,304.54196,301.9404,299.40134,296.9326,294.67477,292.6826,291.09665,289.8232,288.95602,288.5107,288.33884,288.28415,288.6982,290.01852,290.4404,290.42477,289.92477,289.2451,288.6826,288.36227,288.29196,288.35446,288.54196,288.58102,288.3154,287.72165,287.0576,286.64352,286.35446,285.83884,285.1826,284.65134,284.20602,283.96384,283.84665,283.65134,283.35446,283.36227,283.6982,284.42477,285.79977,287.2529,288.45602,289.17477,289.52634,290.11227,290.5576,290.4951,290.22946,289.97946,289.6279,289.09665,288.61227,288.27634,288.4404,288.6826,288.98727,289.1201,289.14352,289.16696,289.65915,290.52634,291.09665,291.2607,291.33884,291.6201,292.0654,292.67477,293.58102,295.04977,295.9951,296.15915,295.65134,294.5029,293.41696,292.64352,291.72165,290.64352,289.3076,287.72165,285.92477,283.7529,281.22165,278.0107,275.5107,274.0029,272.8857
339.17477,336.71384,334.42477,332.0732,329.15915,326.2529,323.98727,321.66696,319.2607,316.89352,314.71384,312.8857,311.22946,309.21384,307.08102,305.0107,302.84665,300.6201,298.26852,296.03415,294.02634,292.4326,291.22165,290.28415,289.58884,289.2451,288.9951,289.4404,290.4326,291.29196,291.59665,291.54977,290.98727,290.15134,289.54196,289.3154,289.3154,289.5107,289.83884,290.21384,289.91696,289.3154,288.65134,288.21384,287.7607,287.0654,286.46384,285.97165,285.67477,285.5107,285.45602,285.29977,285.08102,285.04196,285.3154,286.1982,287.72165,289.1279,290.1279,290.40915,290.1279,290.40915,290.45602,290.04196,289.90915,290.0732,289.97165,289.53415,289.20602,289.08884,289.3701,289.8076,290.03415,290.08884,290.1201,290.21384,290.52634,291.0654,291.47165,291.5654,291.76852,292.2451,292.73727,293.1826,293.5107,294.03415,294.91696,295.2529,295.3076,294.90134,293.83884,292.65134,291.47165,290.3779,289.26852,288.1982,286.95602,285.59665,284.02634,281.7529,278.52634,275.6201,274.04196
338.2451,335.84665,333.45602,330.51852,326.51852,324.22165,322.36227,320.47165,318.40915,316.21384,313.96384,311.4951,309.0029,307.0732,305.5029,303.7607,301.77634,299.7451,297.59665,295.6982,294.04196,292.8857,291.95602,291.2451,290.7529,290.58102,290.8232,291.41696,292.26852,292.90134,293.1279,292.77634,291.95602,291.17477,290.73727,290.61227,290.83884,291.29977,291.6279,291.4951,291.1826,290.71384,290.17477,289.8154,289.26852,288.4482,288.1982,287.83102,287.54977,287.39352,287.4404,287.47165,287.2529,286.9951,287.22946,288.22946,289.76852,291.08884,291.89352,291.76852,290.92477,290.6826,290.3232,289.79196,289.76852,289.97946,290.04977,289.79977,289.58102,289.6904,289.90134,289.9951,289.89352,289.72946,289.85446,290.3701,290.71384,291.1201,291.3857,291.3701,291.33884,291.7451,292.2607,292.65134,292.95602,293.15134,293.26852,293.34665,293.3154,293.15915,292.65915,291.79196,290.97946,290.15134,289.29196,288.47165,287.66696,286.92477,285.89352,284.2451,281.9326,279.2529,276.4326
337.11227,334.52634,331.42477,327.89352,324.7451,322.33884,320.3857,318.5654,316.47165,314.11227,311.6904,309.47946,307.52634,305.98727,304.61227,302.90915,300.95602,299.04977,297.34665,295.90915,294.8076,293.97946,293.17477,292.6826,292.46384,292.5029,292.83102,293.29977,294.0732,294.79196,294.9404,294.39352,293.40915,292.64352,292.34665,292.6201,293.08102,293.2529,293.03415,292.5732,292.10446,291.6279,291.2607,291.1357,290.8154,290.22165,289.79977,289.53415,289.35446,289.28415,289.46384,289.48727,289.10446,288.6982,288.9326,289.97946,291.3857,292.5732,293.1826,292.6904,291.40915,290.86227,290.61227,290.39352,290.29977,290.4326,290.6826,290.59665,290.53415,290.7607,290.8701,290.7451,290.5107,290.3076,290.40134,290.7451,291.08884,291.39352,291.60446,291.58102,291.33884,291.3779,291.8701,292.33102,292.65134,292.77634,292.6904,292.45602,292.21384,292.2451,292.1279,291.7607,291.1982,290.47946,289.7529,289.01852,288.34665,287.86227,287.10446,285.90134,284.17477,282.22165,279.11227
335.59665,332.61227,329.3701,326.3154,323.33884,320.7607,318.3701,316.09665,314.15134,312.3701,310.54977,308.72946,307.08884,305.67477,304.11227,302.40134,300.71384,299.3154,298.27634,297.28415,296.6201,295.97165,295.4482,295.1982,295.04977,294.97946,295.09665,295.48727,296.1982,296.86227,296.9951,296.48727,295.58102,294.78415,294.73727,294.8232,294.83102,294.59665,294.15134,293.64352,293.22946,292.8779,292.6982,292.76852,292.5654,291.9482,291.4482,291.15915,291.02634,291.03415,291.11227,290.95602,290.4951,290.1904,290.52634,291.36227,292.39352,293.40134,293.8154,293.02634,291.71384,291.48727,291.70602,291.7607,291.71384,291.73727,291.79196,291.73727,291.66696,291.71384,291.73727,291.6357,291.60446,291.6357,291.8232,292.15915,292.42477,292.73727,292.83884,292.67477,292.09665,291.7607,291.8154,292.3076,292.71384,292.86227,292.91696,292.79196,292.54196,292.4326,292.42477,292.29977,291.97165,291.33102,290.4951,289.77634,289.2529,288.83102,288.40915,287.72946,286.4404,285.02634,283.11227
331.77634,329.3076,326.72165,323.92477,320.9951,318.59665,316.3701,314.6982,313.29196,312.02634,310.7529,309.40915,308.15915,306.72165,304.89352,303.0029,301.51852,300.4404,299.6357,299.1279,298.79977,298.8154,299.04977,298.10446,297.1904,296.95602,297.3779,298.04977,298.3857,298.40915,298.22946,297.6357,296.8779,296.40134,296.20602,296.1826,296.10446,295.83884,295.40134,294.9326,294.60446,294.40915,294.34665,294.3701,294.09665,293.52634,293.04196,292.79977,292.60446,292.4482,292.40134,292.15915,291.6357,291.71384,292.3154,292.9326,293.5107,293.97946,294.04196,293.11227,292.52634,293.14352,293.6357,293.78415,293.72165,293.66696,293.6201,293.27634,293.0107,292.84665,292.85446,292.8701,292.89352,292.9482,293.0576,293.33884,293.4951,293.6201,293.73727,293.6826,293.3779,292.91696,292.96384,293.26852,293.47946,293.5732,293.66696,293.60446,293.42477,293.22946,293.17477,293.1279,292.9404,292.4951,291.89352,291.26852,290.6357,290.1279,289.65134,289.15134,288.40134,287.1982,285.3154
328.8701,326.28415,323.9482,321.66696,319.98727,318.5732,317.0654,315.61227,314.28415,313.04196,311.72946,310.3154,308.9482,307.2451,305.3076,303.6826,302.60446,301.9951,301.5029,301.21384,301.29196,302.51852,302.04196,300.54977,299.34665,299.22165,299.72946,299.9326,299.7451,299.52634,299.10446,298.3779,297.65915,297.3076,297.33884,297.3154,297.2529,297.11227,296.8076,296.47946,296.2451,296.14352,296.0654,295.9326,295.73727,295.34665,294.96384,294.6357,294.23727,293.9326,293.7451,293.52634,293.51852,294.03415,294.84665,295.1904,294.97165,294.67477,294.86227,294.54196,294.1201,295.0654,295.51852,295.73727,295.7607,295.65915,295.4482,295.01852,294.5732,294.35446,294.36227,294.45602,294.39352,294.3232,294.2529,294.15915,294.0732,294.0732,294.1826,294.20602,294.22165,294.34665,294.5029,294.67477,294.6357,294.60446,294.67477,294.6357,294.4404,294.1826,294.09665,294.08884,293.98727,293.6279,293.08884,292.5576,292.01852,291.45602,290.91696,290.3779,289.76852,288.7451,286.4951
326.17477,324.46384,323.16696,322.22165,321.1201,319.78415,318.33102,316.8701,315.4482,313.90134,312.16696,310.51852,308.95602,307.40915,306.0107,305.04977,304.4951,304.16696,303.98727,304.21384,304.77634,304.34665,303.65915,302.54196,301.5654,301.3701,301.4951,301.51852,301.3701,301.09665,300.6826,299.90915,299.04196,298.52634,298.6357,298.6201,298.58102,298.5107,298.33884,298.1904,298.04196,297.9326,297.83102,297.61227,297.47165,297.29977,297.08884,296.70602,296.29977,295.95602,295.6826,295.58884,295.78415,296.36227,296.66696,296.3857,296.04977,296.36227,296.73727,296.4326,296.1279,297.0107,297.3701,297.47165,297.4951,297.46384,297.3779,296.91696,296.3779,296.04196,295.96384,296.03415,295.9951,295.84665,295.65915,295.39352,295.0732,294.7529,294.7529,294.8701,295.1904,295.65915,295.90134,295.85446,295.65915,295.54977,295.67477,295.76852,295.64352,295.40915,295.26852,295.1904,295.0107,294.6279,294.15134,293.64352,293.1279,292.65915,292.10446,291.33884,290.4326,289.2451,287.86227
325.29977,324.20602,323.3779,322.90134,322.3779,321.4326,320.23727,318.83102,317.1357,315.40915,313.64352,311.95602,310.3857,309.04977,308.0654,307.5029,307.0576,306.72946,306.6357,306.59665,306.2451,305.6982,304.96384,304.0576,303.45602,303.51852,303.5576,303.5732,303.4326,303.04977,302.3779,301.51852,300.73727,300.46384,300.58884,300.5732,300.5654,300.51852,300.3779,300.28415,300.14352,299.97946,299.6904,299.45602,299.41696,299.3076,299.0654,298.5107,297.67477,297.22165,296.9404,296.77634,297.10446,297.59665,297.92477,297.9482,298.15134,298.67477,298.72165,298.45602,298.6904,299.04977,299.23727,299.1826,299.02634,299.0107,299.03415,298.73727,298.26852,297.77634,297.5107,297.48727,297.34665,297.15915,296.9951,296.70602,296.3076,295.85446,295.78415,296.02634,296.4951,296.90134,296.9404,296.72165,296.5107,296.4326,296.54196,296.71384,296.79196,296.73727,296.54196,296.33884,296.1904,295.8154,295.36227,294.97946,294.3857,293.78415,293.0654,292.11227,291.0576,290.02634,289.0107
326.1904,325.39352,324.6982,324.35446,324.1904,323.42477,322.26852,320.84665,319.23727,317.6357,316.1982,314.7451,313.35446,312.1201,311.2529,310.5654,309.8857,309.20602,308.65134,308.23727,307.8154,307.15134,306.22165,305.3701,305.16696,305.40915,305.52634,305.54196,305.2451,304.65915,303.7529,302.79196,302.27634,302.15915,302.36227,302.4404,302.58102,302.6357,302.54977,302.3232,301.9326,301.4482,300.9482,300.6357,300.59665,300.47165,300.1357,299.28415,298.58102,298.41696,298.45602,298.67477,299.16696,299.65134,299.9951,299.95602,300.40915,300.76852,300.71384,300.7451,301.1357,301.0029,300.95602,300.95602,300.66696,300.5654,300.54977,300.4326,300.11227,299.66696,299.27634,298.9482,298.5576,298.20602,298.01852,297.89352,297.5576,297.0732,296.9482,297.20602,297.72165,298.0654,298.0576,297.83102,297.59665,297.6357,297.7607,298.0029,298.14352,298.22946,298.1201,297.86227,297.4951,296.9951,296.45602,296.0107,295.5654,295.0029,294.1826,293.03415,291.95602,291.33884,290.85446
327.8154,327.1826,326.46384,326.0576,326.0732,325.2451,324.0654,322.76852,321.47946,320.1904,318.97165,317.65134,316.28415,315.01852,314.11227,313.21384,312.3857,311.53415,310.70602,309.85446,309.02634,308.2529,307.53415,307.0576,307.04977,307.20602,307.1982,307.04196,306.72165,306.15134,305.42477,304.83102,304.5654,304.5732,304.64352,304.73727,304.79977,304.77634,304.66696,304.33884,303.8779,303.4482,303.15134,303.0654,302.92477,302.8232,302.35446,301.58102,301.0576,300.8701,300.65915,300.7607,301.02634,301.4482,301.7451,301.83102,302.27634,302.41696,302.33102,302.5107,302.6279,302.46384,302.2529,302.1357,301.97946,302.0029,302.08102,302.1201,301.8154,301.29196,300.86227,300.4404,299.9404,299.4951,299.27634,299.26852,299.11227,298.76852,298.6982,298.9482,299.33884,299.67477,300.08102,300.04977,299.8701,299.84665,299.85446,299.8857,300.09665,300.22946,300.02634,299.59665,299.0732,298.53415,297.9482,297.4482,297.01852,296.48727,295.58884,294.29977,293.08102,292.77634,292.7529
330.0107,329.34665,328.66696,328.7607,328.34665,327.5029,326.3857,325.16696,324.1201,322.95602,321.7529,320.4482,319.04196,317.71384,316.41696,315.42477,314.6201,313.7607,312.83884,311.8076,310.8857,310.1357,309.51852,309.14352,308.95602,308.8076,308.64352,308.40134,308.17477,307.92477,307.65134,307.5107,307.4951,307.4326,307.47165,307.58102,307.67477,307.6904,307.4482,306.92477,306.26852,305.6904,305.48727,305.6826,305.83884,305.9326,305.60446,304.8154,303.9404,303.3779,302.8779,302.84665,302.95602,303.16696,303.3154,303.5107,303.91696,303.95602,304.0029,304.04977,303.97946,303.83102,303.5576,303.3857,303.29196,303.3857,303.5107,303.54196,303.3154,302.65915,302.14352,301.70602,301.20602,300.8154,300.71384,300.78415,300.83884,300.78415,300.73727,300.8857,301.58102,302.22165,302.65134,302.9951,302.83102,302.5029,302.33102,302.27634,302.3154,302.33884,302.04977,301.47165,300.6982,299.9404,299.2451,298.72946,298.48727,298.15915,297.3857,296.1201,294.79196,294.2607,294.1982
332.54196,332.02634,331.89352,331.5732,331.08102,330.2451,329.21384,328.1904,327.21384,325.95602,324.59665,323.20602,321.92477,320.6904,319.45602,318.5107,317.7529,316.85446,315.66696,314.45602,313.3857,312.58884,311.97165,311.53415,311.15134,310.8232,310.60446,310.4404,310.45602,310.58102,310.72165,310.79977,310.65134,310.47946,310.4951,310.64352,310.7529,310.66696,310.26852,309.5576,308.65915,307.8232,307.7607,308.3701,308.8779,309.1279,308.86227,307.8076,306.5576,305.5732,304.76852,304.58102,304.72946,304.9326,305.0732,305.47165,305.6904,305.65134,305.61227,305.6357,305.33102,305.0732,304.8779,304.97165,305.0029,305.0576,304.97946,304.76852,304.54196,303.9482,303.27634,302.77634,302.26852,301.8779,301.76852,302.03415,302.64352,303.10446,303.5732,303.85446,304.0029,304.3154,304.6357,304.7529,304.73727,304.4951,304.22165,304.10446,304.0732,304.04977,303.85446,303.3076,302.3154,301.16696,300.15134,299.71384,299.6982,299.59665,299.10446,298.04977,296.72165,295.84665,295.33884
335.6201,335.42477,334.9951,334.27634,333.6201,332.78415,332.0576,331.4482,330.54977,329.26852,327.79196,326.47946,325.3701,324.22946,323.14352,322.11227,321.14352,320.04196,318.90134,317.51852,316.39352,315.59665,315.0107,314.59665,314.20602,313.7529,313.33884,313.33102,313.67477,314.0029,314.17477,314.0576,313.7607,313.4326,313.28415,313.34665,313.3701,313.2451,312.85446,312.1826,311.22946,310.4404,310.42477,311.0654,311.6201,311.98727,312.0107,311.1279,309.9951,309.1201,307.90915,306.90134,306.6201,306.59665,306.79196,307.3154,307.52634,307.48727,307.45602,307.40134,307.08884,306.6279,306.51852,306.8779,306.8857,306.83884,306.4482,305.97165,305.71384,305.2451,304.47946,303.84665,303.22946,302.72946,302.6982,303.8076,305.42477,306.46384,306.22165,305.7451,305.60446,305.71384,305.91696,306.08102,306.22165,306.15134,305.83884,305.5732,305.39352,305.3154,305.33102,304.98727,303.90134,302.33102,301.28415,301.09665,301.23727,301.22165,300.9326,300.15134,298.86227,297.72946,296.79977
339.33884,338.97165,338.08884,336.96384,335.8154,335.0029,334.53415,334.08102,333.28415,332.0654,330.72165,329.5107,328.3857,327.2607,326.1357,324.97165,324.04977,323.0576,321.90134,320.6279,319.6201,318.9482,318.40915,317.9951,317.4951,316.79977,316.28415,316.5107,317.04196,317.29977,317.16696,316.83884,316.54977,316.1904,315.86227,315.79977,315.79196,315.6826,315.34665,314.6904,313.8779,313.47946,313.7451,314.2607,314.60446,314.8232,314.90915,314.46384,313.73727,313.0107,311.52634,309.53415,308.47946,307.9482,308.2607,309.17477,309.84665,309.97165,309.89352,309.66696,309.17477,308.6982,308.2607,307.6982,309.3857,308.98727,308.3154,307.65134,307.3701,306.72946,305.79977,305.04977,304.46384,304.03415,304.48727,306.6357,308.4326,308.46384,307.86227,307.47165,307.40915,307.45602,307.58884,307.6982,307.77634,307.71384,307.40134,306.97946,306.7529,306.73727,306.8701,306.70602,305.59665,303.92477,303.0029,302.96384,303.23727,303.21384,302.92477,302.2607,301.15134,299.9951,298.95602
342.3857,341.95602,341.08884,339.72946,338.33884,337.3779,336.7607,336.14352,335.2451,334.17477,333.04977,331.90134,330.72946,329.6982,328.7451,327.79196,326.8154,325.79977,324.72165,323.6826,322.96384,322.5654,322.17477,321.6357,320.90915,320.0107,319.46384,319.58102,319.9482,319.95602,319.5654,319.11227,318.91696,318.66696,318.2607,318.0654,318.02634,317.95602,317.64352,316.98727,316.45602,316.58102,317.16696,317.6357,317.7607,317.71384,317.59665,317.2607,316.67477,315.79977,314.11227,312.09665,310.9326,310.28415,310.66696,311.9482,312.8857,312.9482,312.58884,311.9404,311.0107,310.33102,309.4404,306.83102,308.1904,308.09665,307.76852,307.2607,305.72165,307.35446,307.21384,306.6279,306.28415,306.72946,308.09665,309.7529,310.5576,310.26852,309.72165,309.5732,309.5576,309.53415,309.58884,309.60446,309.4951,309.3232,309.0029,308.60446,308.53415,308.72165,308.8779,308.6201,307.4404,306.0107,305.23727,305.11227,305.3232,305.3857,305.0732,304.3701,303.2607,302.09665,300.97946
345.0107,344.42477,343.39352,342.23727,340.83884,339.7607,338.97165,338.17477,337.3701,336.4951,335.52634,334.33102,333.02634,331.84665,330.95602,330.0576,329.0576,328.02634,327.08884,326.53415,326.54977,326.48727,325.96384,325.2529,324.42477,323.4951,322.8779,322.6904,322.47946,322.09665,321.5732,321.21384,320.97946,320.6201,320.2607,320.1982,320.33884,320.3779,320.02634,319.3701,319.15134,319.64352,320.22165,320.47165,320.4404,320.23727,319.92477,319.4404,318.7451,317.6201,316.0654,314.72165,314.08102,313.79196,314.33102,315.36227,315.7607,315.4951,314.8076,313.83102,312.6279,311.79196,310.73727,309.08884,309.3076,308.96384,307.83102,306.4482,302.72946,304.64352,306.79977,307.4404,308.40134,309.79977,311.27634,312.46384,312.5732,312.21384,311.7529,311.6982,311.65915,311.60446,311.6357,311.59665,311.36227,311.0029,310.58884,310.33884,310.5107,310.8154,310.9326,310.5654,309.51852,308.3154,307.5732,307.29977,307.4482,307.58884,307.2607,306.47946,305.27634,303.9482,302.65134
347.6826,346.8232,345.71384,344.51852,343.1357,341.8779,340.91696,340.04196,339.3232,338.6826,337.98727,336.96384,335.47165,333.86227,332.65134,331.92477,331.03415,330.0732,329.4404,329.77634,330.1982,329.85446,329.10446,328.3076,327.47946,326.5732,325.83884,325.4482,324.90915,324.1201,323.40915,322.76852,322.46384,322.0576,321.8857,321.9482,322.20602,322.22946,321.96384,321.8154,322.0654,322.58884,322.9404,322.90134,322.5732,322.14352,321.59665,320.9482,320.14352,319.11227,318.1279,317.6201,317.5654,317.65134,318.11227,318.5732,318.45602,317.7529,316.86227,315.5576,314.35446,313.36227,312.23727,310.97165,310.97946,310.22165,308.8076,307.53415,305.8857,306.39352,307.35446,308.90134,310.86227,312.61227,313.85446,314.27634,314.28415,313.97946,313.5576,313.48727,313.36227,313.33102,313.40915,313.3857,313.0576,312.52634,312.04196,311.86227,312.1201,312.4326,312.52634,312.3154,311.64352,310.7529,310.0576,309.78415,309.7529,309.6904,309.20602,308.33102,307.0654,305.60446,304.1904
350.01852,348.79977,347.36227,345.73727,344.22165,342.83884,341.8857,341.20602,340.8857,340.66696,340.10446,339.03415,337.4482,335.9951,335.22165,334.79196,334.04196,333.3076,333.02634,333.0576,332.85446,332.3154,331.54977,330.78415,329.90134,328.8779,328.01852,327.54977,326.9326,326.0029,325.11227,324.39352,323.98727,323.6982,323.60446,323.7529,323.90134,323.91696,323.72946,323.77634,324.2607,324.8232,324.9951,324.71384,324.0732,323.3701,322.58102,321.98727,321.4326,320.84665,320.3857,320.3076,320.5654,320.6826,320.86227,321.08102,320.7607,319.90134,318.6982,317.20602,315.90915,315.10446,314.27634,313.8232,313.8154,312.9482,311.61227,310.4951,309.5576,310.03415,311.04977,312.66696,314.54977,315.65134,315.8154,315.90915,315.83102,315.72946,315.2607,315.14352,314.71384,314.64352,314.67477,314.59665,314.2607,313.78415,313.36227,313.1826,313.34665,313.45602,313.54196,313.6826,313.3701,312.76852,312.21384,311.9404,311.83102,311.5029,310.72165,309.59665,308.27634,306.96384,305.8154
351.53415,350.1982,348.78415,346.83102,344.84665,343.6982,342.92477,342.36227,342.29977,342.15134,341.72165,341.0107,340.02634,339.1279,338.85446,338.66696,338.0732,337.15134,336.15915,335.45602,334.9482,334.45602,333.8076,332.9951,331.90915,330.6826,329.65134,329.15915,328.73727,327.86227,327.0654,326.4404,326.0732,325.73727,325.58102,325.4951,325.66696,325.92477,325.89352,325.8701,326.27634,326.73727,326.8076,326.29977,325.61227,324.7607,323.9482,323.54977,323.22946,322.95602,322.85446,322.97946,323.0576,322.9482,323.04196,322.97165,322.7451,322.0654,320.7529,319.10446,318.03415,317.39352,316.9404,316.97165,317.1904,316.72946,315.8701,314.83884,314.1279,314.5107,315.33884,315.86227,315.83884,316.79977,318.59665,318.0576,317.08102,319.8154,318.66696,318.1904,317.0576,316.67477,316.3232,316.01852,315.7607,315.42477,315.1357,315.01852,315.08884,314.83884,314.7451,314.96384,314.8154,314.4326,314.0576,313.8154,313.83884,313.52634,312.3154,310.6904,309.4404,308.51852,307.77634
352.95602,351.8701,350.8701,349.48727,347.98727,346.4951,345.1357,344.29977,344.3154,344.29196,343.8701,343.47946,343.0654,342.6279,342.4404,342.14352,341.33884,339.72165,338.3779,337.59665,337.10446,336.6201,335.83884,334.6904,333.3701,332.2451,331.36227,330.9951,330.89352,330.29977,329.65134,329.26852,328.72165,328.2529,327.85446,327.60446,327.71384,328.04977,328.1904,328.22946,328.53415,328.90915,328.90134,328.22165,327.48727,326.72946,326.1826,325.83884,325.4326,325.04977,325.01852,325.1982,325.04977,324.89352,324.96384,324.91696,324.72946,324.02634,322.72165,321.4482,320.71384,320.08884,319.6904,320.0029,320.36227,320.04196,319.5654,319.22165,319.09665,319.22165,319.3154,319.1279,318.01852,317.04196,318.08102,318.6826,318.03415,316.73727,318.11227,320.89352,320.4404,319.2529,319.0029,318.41696,318.4482,318.08884,317.72946,317.5732,317.58102,317.08884,316.8232,316.8779,316.6201,316.34665,316.08102,316.0107,316.3232,316.11227,314.1357,312.1826,311.33102,310.97165,310.60446
355.03415,354.3779,354.04196,353.35446,352.1201,350.79196,349.34665,348.33884,347.70602,347.09665,346.79977,346.6279,346.29977,345.66696,345.04196,344.39352,343.29196,341.73727,340.6357,340.04196,339.4326,338.64352,337.53415,336.21384,335.22946,334.4326,333.7529,333.60446,333.71384,333.42477,332.90134,332.5576,332.4326,332.0732,331.58884,331.28415,331.17477,331.1826,330.9482,330.7451,330.84665,331.0654,331.0732,330.5576,329.79196,329.02634,328.4404,327.83884,327.15915,326.71384,326.78415,327.17477,327.3076,327.3154,327.3779,327.36227,326.97946,326.1279,325.09665,324.09665,323.36227,322.8701,322.9404,323.4482,323.66696,323.23727,322.92477,322.90134,322.90134,322.5654,322.1357,321.54977,320.5029,319.47165,319.3232,319.35446,318.89352,318.1357,317.0576,316.04977,319.61227,319.79977,319.72165,319.1982,320.8154,322.03415,321.2451,320.7529,320.76852,319.92477,319.52634,319.5107,318.97165,318.65134,318.5029,318.59665,319.0732,318.65915,316.34665,314.77634,314.17477,314.10446,313.8779
357.33102,356.8076,356.65134,356.29977,355.21384,353.92477,352.6279,351.6201,350.8779,350.47946,350.2607,349.98727,349.29196,348.4482,347.6982,346.6904,345.3701,344.0576,343.17477,342.40134,341.5029,340.5029,339.4951,338.66696,338.08102,337.58884,337.33102,337.41696,337.5029,337.27634,336.85446,336.6826,336.5576,336.14352,335.52634,334.97165,334.72946,334.35446,333.70602,333.3701,333.3857,333.47165,333.4326,332.83102,331.9404,331.20602,330.77634,330.33884,329.72165,329.29977,329.51852,330.0732,330.34665,330.40134,330.40915,330.16696,329.4482,328.53415,327.59665,326.72165,326.23727,326.2607,326.6279,327.02634,327.09665,326.47165,326.03415,325.90915,325.8779,325.5107,324.79977,324.14352,323.2529,322.22946,321.5654,321.0029,320.40134,319.72165,318.6357,317.8701,318.91696,319.59665,319.76852,318.8232,318.45602,322.92477,324.65915,323.9951,324.40915,322.9482,322.27634,322.28415,321.5029,321.15134,321.08884,321.3232,321.83102,321.17477,318.9951,317.85446,317.54977,317.7451,317.61227
1.0575889,0.4716514,359.72946,358.8076,357.67477,356.33102,355.3857,355.0029,354.59665,354.04196,353.3857,352.7529,352.20602,351.41696,350.4404,349.0732,347.6904,346.6201,345.7607,344.92477,344.0654,343.2451,342.52634,342.10446,341.96384,342.0732,341.8779,341.5107,341.17477,340.7529,340.1982,339.79977,339.54977,339.15134,338.4951,337.8701,337.48727,337.1279,336.66696,336.6279,336.7607,336.7451,336.72946,336.27634,335.60446,335.17477,334.79977,334.5107,334.10446,333.86227,334.22165,334.58884,334.48727,334.15134,333.85446,333.3779,332.66696,331.78415,330.83102,330.08884,329.96384,330.1982,330.58102,330.95602,330.9404,330.3701,329.83884,329.4951,329.1982,328.8154,328.17477,327.4951,326.71384,325.83102,324.97946,324.17477,323.34665,322.54977,321.59665,321.1279,321.5576,321.76852,321.3779,320.4326,319.60446,320.7529,321.51852,321.8779,333.0029,327.02634,325.47165,326.14352,324.78415,324.1279,323.79196,323.97946,324.73727,324.0654,321.73727,320.61227,320.83102,321.7529,321.8154
3.2372763,2.5888388,1.9482139,1.2685264,0.62790143,359.8857,359.4482,359.01852,358.3154,357.3154,356.4482,355.61227,354.8232,353.98727,352.72165,351.3701,350.29196,349.35446,348.4951,347.67477,347.0107,346.8701,346.58102,346.22946,346.0576,345.86227,345.58102,345.15915,344.66696,343.97165,343.29196,342.77634,342.4482,342.0107,341.36227,340.64352,340.08102,339.65915,339.42477,339.33884,339.2607,339.1826,339.03415,338.6982,338.51852,338.51852,338.59665,338.65134,338.86227,339.22165,339.45602,339.3154,338.9404,338.34665,337.54977,337.1357,336.84665,336.16696,335.22165,334.64352,334.40915,334.36227,334.36227,334.2451,333.91696,333.3232,332.70602,332.22165,331.78415,331.33884,330.83102,330.23727,329.58102,328.83884,328.10446,327.29196,326.40915,325.5654,324.7529,324.41696,324.29977,323.9482,323.4482,322.85446,322.65915,323.0654,322.58102,320.0732,326.6826,332.0654,328.35446,329.72946,329.7529,328.2607,327.4404,327.21384,328.36227,327.14352,324.6826,323.35446,324.36227,326.42477,327.17477
5.291964,4.604464,4.041964,3.4404013,3.0419638,2.6513388,2.2450888,1.7372764,0.88571393,359.90915,359.03415,358.2451,357.4482,356.6357,355.5654,354.4404,353.5732,352.6904,351.84665,351.1982,350.66696,350.3076,350.0107,349.65915,349.33884,349.04196,348.67477,348.27634,347.7451,346.9482,346.20602,345.6982,345.3232,344.83102,344.2529,343.6357,343.17477,342.9482,342.77634,342.4951,342.29977,341.9404,341.5029,341.2529,341.27634,341.47165,341.79196,342.21384,342.76852,343.22946,343.23727,343.0654,342.7451,342.27634,341.90915,341.6279,341.22165,340.6201,339.85446,339.0654,338.4482,337.97946,337.58884,337.21384,336.73727,336.22165,335.7451,335.3076,334.8076,334.3154,333.85446,333.2607,332.6201,332.10446,331.5654,330.7607,329.92477,329.1982,328.42477,327.90134,327.3779,326.84665,326.41696,326.04977,326.0654,326.2607,325.6201,323.58884,326.36227,330.21384,329.4482,329.6357,330.83884,330.16696,329.3857,328.7451,327.3076,332.6982,329.27634,327.64352,329.6904,332.35446,333.1904
7.6904016,7.0966516,6.5654016,5.870089,5.338839,4.870089,4.4404016,4.0029016,3.2607138,2.4013388,1.4872764,0.69040143,359.97165,359.3154,358.6982,358.09665,357.35446,356.5576,355.6982,354.79196,354.03415,353.5107,353.0576,352.67477,352.16696,351.73727,351.33102,350.95602,350.46384,349.83884,349.1904,348.6982,348.22165,347.72165,347.23727,346.70602,346.27634,346.0732,345.9326,345.53415,345.1826,344.61227,344.1279,343.9951,344.26852,344.8779,345.58102,346.26852,346.5029,346.3076,346.22946,346.14352,345.77634,345.33102,344.90915,344.4951,343.96384,343.3779,342.78415,342.22165,341.6904,341.1826,340.72165,340.34665,339.91696,339.45602,339.0654,338.66696,338.27634,338.0029,337.6982,337.14352,336.4951,336.04196,335.4482,334.6982,334.0576,333.54977,333.08102,332.73727,332.22946,331.6904,331.27634,330.97946,330.8701,330.7529,330.0107,328.6904,329.77634,331.4404,331.3857,331.6826,332.59665,332.4482,331.85446,330.9482,329.41696,329.8701,328.79196,328.58102,330.23727,338.66696,341.97165
10.166964,9.596651,8.979464,8.268526,7.6122766,7.0810266,6.620089,6.213839,5.713839,4.9560266,4.166964,3.4482138,2.7060263,2.1904013,1.6279014,1.0185264,0.3700889,359.65134,358.84665,358.02634,357.3154,356.65915,356.1357,355.61227,355.04977,354.52634,354.0107,353.5107,353.03415,352.65134,352.27634,351.7529,351.2529,350.8779,350.4951,349.8701,349.29977,349.1357,348.84665,348.4404,348.08102,347.54977,347.29196,347.33102,347.8779,348.8232,349.66696,349.90915,349.7451,349.5576,349.34665,349.01852,348.59665,348.11227,347.60446,347.03415,346.41696,345.8232,345.23727,344.6904,344.1826,343.72946,343.3701,343.1357,342.8779,342.59665,342.40915,342.1826,342.0029,341.89352,341.71384,341.22946,340.72946,340.20602,339.48727,338.7529,338.27634,338.0576,338.02634,338.0576,337.8701,337.5654,337.3154,337.0029,336.60446,336.1904,335.40915,334.4326,334.7451,335.04977,334.54977,334.58884,334.9326,334.4326,333.36227,331.5654,329.1904,326.90134,323.59665,317.29196,313.15915,,17.932589
13.182589,12.604464,11.940401,11.206026,10.456026,9.776339,9.260714,8.838839,8.370089,7.698214,7.0341516,6.3622766,5.713839,5.120089,4.495089,3.8622763,3.1747763,2.4638388,1.7216514,0.95602643,0.2216514,359.6279,359.15134,358.65134,358.08102,357.4482,356.8076,356.23727,355.7529,355.39352,355.1201,354.7451,354.4404,354.3857,353.90915,353.14352,352.58884,352.3154,351.9951,351.6357,351.33102,351.08884,350.95602,351.0107,351.6201,352.5107,352.9482,352.84665,352.66696,352.4326,352.1357,351.7451,351.2529,350.72165,350.1357,349.4951,348.8232,348.16696,347.61227,347.15134,346.8232,346.65915,346.6904,346.65134,346.3232,346.11227,345.9482,345.83884,345.77634,345.78415,345.6982,345.52634,345.22165,344.76852,344.2607,343.85446,343.53415,343.51852,343.6357,343.7607,343.7607,343.77634,343.7607,343.65134,343.4404,342.92477,342.3232,341.61227,341.89352,342.02634,341.11227,340.2529,339.76852,339.03415,337.79196,336.20602,334.60446,333.1201,329.0576,320.40915,317.4404,310.28415,345.33102
16.393526,15.768526,15.073214,14.315401,13.495089,12.698214,12.057589,11.565401,11.041964,10.377901,9.737276,9.159151,8.596651,7.948214,7.245089,6.510714,5.760714,5.0341516,4.2060266,3.5029013,2.8700888,2.3779013,1.9169639,1.4638389,0.93258893,0.3466514,359.71384,359.1357,358.65915,358.29977,357.97165,357.83102,357.8232,357.4951,357.02634,356.5029,355.9482,355.54196,355.1279,354.76852,354.61227,354.5654,354.5029,354.6201,355.3232,355.7451,355.58884,355.36227,355.15134,354.90915,354.58102,354.1357,353.64352,353.11227,352.54196,351.97165,351.3857,350.83884,350.41696,350.1279,349.91696,349.8232,349.7607,349.66696,349.58102,349.58884,349.65134,349.6982,349.70602,349.84665,349.90134,350.0029,350.14352,350.1201,350.03415,350.0732,350.23727,350.4482,350.6357,350.90134,350.97165,351.08102,351.02634,350.76852,350.4482,350.27634,350.03415,349.89352,350.3779,350.7451,350.77634,349.7529,347.9951,346.40915,344.85446,342.90915,341.11227,339.79196,335.33102,328.73727,324.76852,323.1201,334.70602
19.487276,18.799776,18.049776,17.245089,16.370089,15.549776,14.807589,14.096651,13.463839,12.862276,12.331026,11.846651,11.229464,10.487276,9.682589,8.893526,8.073214,7.4247766,6.916964,6.3154016,5.698214,5.151339,4.651339,4.1435266,3.6435263,3.0497763,2.3857138,1.8075889,1.3700889,0.99508893,0.82321393,0.74508893,0.4950889,0.1357139,359.76852,359.28415,358.76852,358.33102,358.01852,357.86227,358.02634,358.10446,358.14352,358.5029,358.59665,358.4482,358.1279,357.79977,357.52634,357.2529,356.89352,356.4404,355.96384,355.5029,355.09665,354.70602,354.34665,354.0029,353.64352,353.28415,352.98727,352.83102,352.7607,352.72165,352.79196,352.97165,353.20602,353.40915,353.61227,353.83102,354.1357,354.5576,355.02634,355.5654,356.1982,356.70602,357.15134,357.65134,358.0029,358.2529,358.4326,358.51852,358.39352,358.1279,358.0029,358.08102,358.17477,358.33102,358.58102,358.8154,359.09665,358.90134,357.73727,355.97165,353.85446,351.3857,349.02634,346.71384,343.11227,337.48727,333.3232,332.90134,335.8857
22.096651,21.276339,20.448214,19.612276,18.752901,17.916964,17.096651,16.315401,15.674776,15.151339,14.698214,14.198214,13.518526,12.737276,12.002901,11.276339,10.737276,10.315401,9.885714,9.245089,8.573214,7.963839,7.432589,6.9247766,6.3935266,5.807589,5.213839,4.807589,4.463839,3.8935263,3.4013388,3.0575888,2.6904013,2.5029013,2.4950888,2.1982138,1.9325889,1.6513389,1.4638389,1.5263389,1.8388389,1.8935264,1.9325889,1.7216514,1.4560264,1.1669639,0.80758893,0.4169639,0.081026405,359.7529,359.3779,359.0029,358.6279,358.26852,357.96384,357.6904,357.42477,357.10446,356.72946,356.3779,356.0732,355.90915,355.84665,355.86227,356.0576,356.4404,356.8076,357.1357,357.5654,357.98727,358.60446,359.41696,0.1747764,1.1122764,2.0732138,2.7763388,3.4091513,4.0029016,4.4560266,4.807589,5.057589,5.2216516,5.2841516,5.276339,5.573214,6.0341516,6.448214,6.729464,6.870089,7.026339,7.4560266,7.588839,6.9404016,5.7997766,4.245089,1.9872764,359.51852,356.78415,353.28415,348.54977,344.29196,341.86227,340.22165
24.120089,23.291964,22.448214,21.596651,20.752901,19.901339,19.088839,18.377901,17.823214,17.409151,16.995089,16.541964,15.940401,15.237276,14.596651,14.034151,13.541964,13.104464,12.588839,11.963839,11.315401,10.721651,10.190401,9.596651,8.948214,8.331026,7.9091516,7.5966516,7.0185266,6.229464,5.682589,5.0654016,4.260714,4.4716516,7.0497766,6.385714,5.8310266,5.463839,5.3466516,5.463839,5.4716516,5.2372766,4.916964,4.573214,4.2529016,3.8935263,3.4950888,3.0966513,2.7060263,2.3232138,1.9716514,1.6825889,1.4013389,1.1044639,0.84665143,0.65133893,0.4404014,0.1591514,359.83102,359.51852,359.2607,359.10446,359.02634,359.04977,359.33884,359.89352,0.4794639,0.97165143,1.5185264,2.3232138,3.3622763,4.385714,5.2685266,6.2841516,7.3154016,8.221651,9.088839,9.870089,10.416964,10.838839,11.206026,11.463839,11.682589,11.948214,12.612276,13.416964,14.002901,14.409151,14.745089,15.120089,15.729464,16.073214,15.948214,15.581026,14.909151,13.823214,12.190401,10.041964,7.3310266,4.213839,1.6357139,359.72946,357.0654
25.956026,25.143526,24.307589,23.526339,22.752901,21.979464,21.245089,20.620089,20.120089,19.682589,19.268526,18.854464,18.362276,17.760714,17.206026,16.737276,16.299776,15.776339,15.104464,14.440401,13.862276,13.268526,12.635714,11.932589,11.206026,10.729464,10.713839,10.463839,10.049776,9.682589,9.409151,9.143526,8.956026,10.088839,10.823214,10.268526,9.752901,9.432589,9.127901,8.815401,8.432589,8.010714,7.573214,7.229464,6.932589,6.557589,6.166964,5.7841516,5.416964,5.0654016,4.7372766,4.4716516,4.2216516,3.9794638,3.7997763,3.6357138,3.4560263,3.2763388,3.0419638,2.8075888,2.6279013,2.5029013,2.4169638,2.4716513,2.8310263,3.4950888,4.3310266,5.1435266,5.8622766,6.713839,7.682589,8.674776,9.674776,10.760714,11.924776,12.963839,13.956026,14.838839,15.549776,16.135714,16.643526,16.909151,17.229464,17.557589,18.291964,19.260714,20.073214,20.588839,21.221651,22.049776,22.893526,23.440401,23.760714,24.151339,24.409151,24.456026,24.284151,23.362276,22.260714,22.073214,22.502901,23.713839,25.846651
27.870089,27.065401,26.323214,25.651339,24.979464,24.291964,23.604464,23.002901,22.479464,22.026339,21.620089,21.206026,20.698214,20.143526,19.666964,19.221651,18.737276,18.143526,17.463839,16.784151,16.135714,15.487276,14.776339,14.026339,13.440401,13.479464,13.932589,13.674776,13.409151,13.081026,12.823214,12.674776,12.581026,13.104464,13.549776,13.346651,12.924776,12.502901,12.034151,11.581026,11.127901,10.651339,10.206026,9.862276,9.541964,9.182589,8.846651,8.510714,8.174776,7.8622766,7.5810266,7.323214,7.1122766,6.9247766,6.760714,6.6122766,6.5185266,6.4247766,6.2685266,6.1435266,6.057589,5.979464,5.9247766,6.0029016,6.401339,7.088839,7.979464,8.885714,9.721651,10.557589,11.471651,12.448214,13.557589,14.799776,16.151339,17.370089,18.346651,19.166964,19.924776,20.690401,21.323214,21.573214,21.956026,22.198214,22.870089,23.963839,24.932589,25.690401,26.596651,27.659151,28.635714,29.354464,30.010714,30.846651,31.838839,32.74509,33.393528,33.706028,34.174778,35.612278,37.721653,40.487278,43.846653
30.034151,29.284151,28.612276,27.979464,27.354464,26.698214,26.034151,25.424776,24.862276,24.409151,23.987276,23.510714,22.916964,22.291964,21.745089,21.252901,20.745089,20.206026,19.596651,18.901339,18.213839,17.541964,16.956026,16.948214,17.627901,17.948214,17.635714,17.182589,16.713839,16.252901,15.924776,15.737276,15.557589,15.573214,15.799776,15.674776,15.409151,15.026339,14.612276,14.159151,13.706026,13.291964,12.909151,12.541964,12.206026,11.885714,11.588839,11.268526,10.940401,10.659151,10.424776,10.206026,9.987276,9.799776,9.690401,9.627901,9.588839,9.541964,9.526339,9.479464,9.448214,9.409151,9.370089,9.456026,9.846651,10.487276,11.307589,12.221651,13.104464,13.979464,14.932589,15.979464,17.221651,18.612276,20.081026,21.370089,22.315401,23.049776,23.745089,24.479464,25.135714,25.487276,26.213839,26.502901,27.151339,28.229464,29.229464,30.065401,31.026339,32.127903,33.143528,34.065403,34.99509,36.08884,37.377903,38.612278,39.549778,40.33884,41.518528,43.174778,45.010715,46.854465,49.034153
32.49509,31.752901,31.057589,30.393526,29.713839,29.026339,28.346651,27.706026,27.166964,26.682589,26.166964,25.581026,24.948214,24.346651,23.784151,23.237276,22.682589,22.213839,21.745089,21.268526,20.885714,20.729464,20.682589,20.487276,20.245089,19.987276,19.581026,19.057589,18.581026,18.229464,18.041964,17.924776,17.674776,17.596651,17.760714,17.745089,17.627901,17.354464,17.010714,16.620089,16.260714,15.956026,15.635714,15.299776,15.002901,14.698214,14.393526,14.104464,13.784151,13.495089,13.284151,13.112276,12.916964,12.784151,12.745089,12.745089,12.760714,12.776339,12.799776,12.831026,12.831026,12.823214,12.838839,12.971651,13.323214,13.901339,14.682589,15.549776,16.409151,17.315401,18.385714,19.565401,20.838839,22.284151,23.760714,25.081026,26.018526,26.549776,26.956026,27.346651,27.784151,28.237276,29.924776,30.307589,30.963839,31.948214,32.854465,33.674778,34.596653,35.565403,36.573215,37.627903,38.71384,39.96384,41.30759,42.448215,43.393528,44.221653,45.229465,46.49509,47.80759,49.018528,50.518528
34.948215,34.174778,33.424778,32.71384,31.987276,31.276339,30.557589,29.924776,29.362276,28.799776,28.198214,27.604464,27.010714,26.424776,25.877901,25.354464,24.901339,24.518526,24.198214,23.862276,23.526339,23.229464,22.909151,22.502901,22.034151,21.541964,21.057589,20.581026,20.229464,20.018526,19.924776,19.823214,19.635714,19.620089,19.807589,19.877901,19.862276,19.698214,19.448214,19.143526,18.893526,18.659151,18.385714,18.096651,17.838839,17.565401,17.284151,17.018526,16.690401,16.377901,16.174776,16.002901,15.893526,15.877901,15.901339,15.971651,16.057589,16.135714,16.198214,16.245089,16.284151,16.354464,16.479464,16.690401,17.034151,17.534151,18.198214,18.909151,19.721651,20.682589,21.815401,23.018526,24.268526,25.627901,27.041964,28.307589,29.104464,29.416964,29.448214,29.073214,27.799776,30.479464,37.21384,35.18259,34.948215,35.46384,36.096653,36.80759,37.71384,38.659153,39.604465,40.612278,41.666965,42.831028,44.049778,45.041965,45.760715,46.393528,47.237278,48.27634,49.40134,50.534153,51.706028
37.174778,36.331028,35.534153,34.791965,34.065403,33.323215,32.596653,31.924776,31.307589,30.635714,29.987276,29.362276,28.760714,28.260714,27.823214,27.338839,26.846651,26.409151,26.041964,25.682589,25.307589,24.916964,24.502901,24.057589,23.581026,23.088839,22.604464,22.213839,21.979464,21.838839,21.784151,21.752901,21.682589,21.721651,21.924776,22.057589,22.143526,22.159151,22.041964,21.870089,21.690401,21.487276,21.237276,20.987276,20.745089,20.510714,20.252901,19.979464,19.635714,19.323214,19.088839,18.948214,18.940401,19.026339,19.166964,19.284151,19.424776,19.604464,19.745089,19.831026,19.909151,19.995089,20.120089,20.331026,20.674776,21.151339,21.698214,22.252901,22.971651,23.909151,25.057589,26.276339,27.518526,28.870089,30.284151,31.596651,32.518528,33.096653,33.518528,33.87009,34.12009,47.948215,46.393528,41.68259,39.948215,39.502903,39.596653,39.893528,40.549778,41.377903,42.221653,43.08884,44.010715,44.971653,45.956028,46.760715,47.27634,47.823215,48.659153,49.706028,50.768528,51.846653,52.823215
39.18259,38.331028,37.510715,36.760715,36.02634,35.24509,34.440403,33.65134,32.877903,32.166965,31.487276,30.846651,30.307589,29.846651,29.385714,28.885714,28.409151,27.995089,27.604464,27.198214,26.776339,26.362276,25.940401,25.541964,25.120089,24.674776,24.299776,24.010714,23.831026,23.760714,23.768526,23.784151,23.815401,23.901339,24.096651,24.252901,24.401339,24.534151,24.666964,24.690401,24.581026,24.416964,24.198214,23.963839,23.729464,23.495089,23.252901,22.956026,22.635714,22.354464,22.151339,22.049776,22.088839,22.245089,22.448214,22.635714,22.877901,23.143526,23.331026,23.409151,23.440401,23.510714,23.588839,23.752901,24.104464,24.565401,25.034151,25.495089,26.073214,26.932589,27.956026,29.049776,30.221651,31.502901,32.83884,34.127903,35.12009,35.83884,36.37009,36.854465,37.573215,43.96384,44.635715,44.065403,43.041965,42.596653,42.440403,42.565403,43.065403,43.752903,44.46384,45.18259,45.987278,46.854465,47.643528,48.260715,48.674778,49.21384,50.096653,51.15134,52.127903,52.99509,53.77634
41.112278,40.268528,39.43259,38.627903,37.799778,36.862278,35.924778,35.049778,34.291965,33.612278,32.948215,32.346653,31.831026,31.346651,30.854464,30.370089,29.916964,29.502901,29.104464,28.690401,28.291964,27.893526,27.502901,27.151339,26.791964,26.448214,26.151339,25.924776,25.791964,25.791964,25.831026,25.870089,25.948214,26.041964,26.190401,26.291964,26.393526,26.635714,27.143526,27.463839,27.495089,27.401339,27.206026,26.987276,26.768526,26.541964,26.284151,25.979464,25.666964,25.432589,25.291964,25.221651,25.252901,25.409151,25.651339,25.948214,26.284151,26.620089,26.815401,26.862276,26.862276,26.893526,26.932589,27.088839,27.463839,27.885714,28.260714,28.612276,29.088839,29.791964,30.659151,31.588839,32.612278,33.760715,34.979465,36.166965,37.12009,37.799778,38.268528,38.721653,39.315403,42.49509,43.518528,44.268528,44.479465,44.541965,44.596653,44.77634,45.221653,45.815403,46.43259,47.08884,47.80759,48.565403,49.291965,49.877903,50.27634,50.768528,51.565403,52.456028,53.27634,54.041965,54.659153
42.737278,41.823215,40.916965,40.034153,39.15134,38.221653,37.291965,36.448215,35.737278,35.065403,34.40134,33.831028,33.33884,32.862278,32.37009,31.877901,31.432589,31.041964,30.698214,30.362276,30.018526,29.659151,29.323214,29.034151,28.768526,28.510714,28.221651,27.995089,27.870089,27.846651,27.862276,27.909151,27.987276,28.049776,28.073214,27.963839,27.706026,27.268526,27.495089,31.549776,30.721651,30.541964,30.291964,30.081026,29.877901,29.659151,29.416964,29.112276,28.799776,28.541964,28.409151,28.362276,28.424776,28.612276,28.838839,29.135714,29.502901,29.877901,30.104464,30.198214,30.229464,30.252901,30.284151,30.377901,30.666964,31.049776,31.393526,31.706026,32.08884,32.612278,33.237278,33.987278,34.862278,35.885715,36.99509,38.034153,38.87009,39.456028,39.885715,40.323215,40.83884,42.74509,43.58884,44.487278,45.198215,45.68259,46.02634,46.385715,46.87009,47.471653,48.073215,48.674778,49.323215,50.002903,50.706028,51.27634,51.666965,52.127903,52.83884,53.612278,54.284153,54.87009,55.260715
43.71384,42.823215,41.987278,41.198215,40.440403,39.612278,38.74509,37.979465,37.291965,36.604465,35.948215,35.346653,34.815403,34.323215,33.83884,33.385715,32.96384,32.612278,32.30759,32.002903,31.706026,31.409151,31.120089,30.885714,30.706026,30.495089,30.213839,30.018526,29.924776,29.932589,30.065401,30.245089,30.440401,30.651339,30.862276,30.877901,30.948214,30.971651,38.721653,36.30759,34.784153,34.096653,33.604465,33.30759,33.05759,32.80759,32.565403,32.299778,32.002903,31.737276,31.573214,31.479464,31.510714,31.666964,31.885714,32.190403,32.581028,32.971653,33.237278,33.393528,33.448215,33.448215,33.43259,33.487278,33.698215,34.018528,34.346653,34.659153,34.956028,35.323215,35.768528,36.362278,37.135715,38.041965,39.049778,39.987278,40.737278,41.268528,41.666965,42.065403,42.49509,43.760715,44.409153,45.190403,45.96384,46.643528,47.159153,47.62009,48.18259,48.799778,49.37009,49.87009,50.43259,51.073215,51.760715,52.33884,52.721653,53.21384,53.948215,54.635715,55.096653,55.43259,55.698215
